ci,lc,n,subtotal,p
0,0,37,54,0.6851851851851852
0,1,83,156,0.532051282051282
1,0,17,54,0.3148148148148148
1,1,73,156,0.46794871794871795
