ci,lc,n,subtotal,p
0,0,113,212,0.53301886792452835
0,1,56,88,0.6363636363636364
1,0,99,212,0.4669811320754717
1,1,32,88,0.36363636363636365
